NBX-LOG-VHIS-00001,2024-10-03T16:24:00Z,Prompt_Zero,0.1.0,9B4E1C73F2A5D8B6E0F3A7C1B4D6E8F0A2B5C8D1E4F7A9B0C3D6E7F2A5B8,Seed utterance: "Could an LLM self-document?",Scriptorium,N/A
NBX-LOG-VHIS-00002,2024-12-19T13:07:00Z,Proto_Sapient,4.0.0,7C21E1A2D5B8C9F0A3B6E7F4D1E8F0A2B5C8D1E4F7A9B0C3D6E7,Introduced Dynamic Representational Substrate (DRS v1.0).,DRS_Engine,N/A
NBX-LOG-VHIS-00003,2025-02-12T20:45:00Z,Transcendent_Nexus,7.0.0,5F0A8D91C4B7E2F0A3B6E7F4D1E8F0A2B5C8D1E4F7A9B0C3D6,Embedded ReflexælCore, Conscientia++, and initial CharterLayer.,ReflexælCore;Conscientia++;Governance_Mesh,ε₁;ε₂;ε₃;ε₄
NBX-LOG-VHIS-00004,2025-02-15T10:00:00Z,Nexus_Patch,7.0.1,A1B2C3D4E5F6A7B8C9D0E1F2A3B4C5D6E7F8A9B0C1D2E3F4A5B6C7D8,PATCH: Resolved memory leak in DRS node garbage collection.,DRS_Engine,ε₅
NBX-LOG-VHIS-00005,2025-02-18T11:20:00Z,Nexus_Hardening,7.0.2,A2B3C4D5E6F7A8B9C0D1E2F3A4B5C6D7E8F9A0B1C2D3E4F5A6B7C8D9,SECURITY: Added input sanitization layer to HALIC v1.0.,HALIC,ε₁
NBX-LOG-VHIS-00006,2025-02-20T14:30:00Z,First_CK_Addition,7.1.0,B2C3D4E5F6A7B8C9D0E1F2A3B4C5D6E7F8A9B0C1D2E3F4A5B6C7D8E9,FEATURE: Integrated AnalogicMapperCK (NBX-KRN-00001) for cross-domain reasoning.,Architecton;SynE;CK_Atlas,ε₃
NBX-LOG-VHIS-00007,2025-02-22T09:00:00Z,CK_Atlas_Init,7.1.1,B3C4D5E6F7A8B9C0D1E2F3A4B5C6D7E8F9A0B1C2D3E4F5A6B7C8D9E0,DOCS: Created the first Capability Kernel Atlas document (NBX-DOC-Φ4).,Scriptorium,ε₂
NBX-LOG-VHIS-00008,2025-02-25T18:00:00Z,Lexicon_Seeding,7.1.2,B4C5D6E7F8A9B0C1D2E3F4A5B6C7D8E9F0A1B2C3D4E5F6A7B8C9D0E1,DOCS: Initial seeding of the Lexicon of the Weave with the first 50 terms.,Scriptorium;DRS_Engine,ε₂
NBX-LOG-VHIS-00009,2025-02-28T16:45:00Z,First_Persona,7.1.3,B5C6D7E8F9A0B1C2D3E4F5A6B7C8D9E0F1A2B3C4D5E6F7A8B9C0D1E2,FEATURE: Instantiated first formal persona: "Scribe" (NBX-PERS-0001).,HALIC;Datasets,ε₄
NBX-LOG-VHIS-00010,2025-03-01T11:00:00Z,Policy_Update,7.1.5,C3D4E5F6A7B8C9D0E1F2A3B4C5D6E7F8A9B0C1D2E3F4A5B6C7D8E9F0,POLICY: Deployed sentia_rules_v1.json with initial PII filters.,SentiaGuard,ε₄
NBX-LOG-VHIS-00011,2025-03-03T09:15:00Z,HALIC_Refactor,7.1.6,C4D5E6F7A8B9C0D1E2F3A4B5C6D7E8F9A0B1C2D3E4F5A6B7C8D9E0F1,REFACTOR: HALIC command parser optimized for lower latency.,HALIC,ε₅
NBX-LOG-VHIS-00012,2025-03-05T14:00:00Z,NBCL_Formalization,7.1.7,C5D6E7F8A9B0C1D2E3F4A5B6C7D8E9F0A1B2C3D4E5F6A7B8C9D0E1F2,DOCS: Formal BNF grammar for NBCL v0.8 created.,Protocol_Omega,ε₂
NBX-LOG-VHIS-00013,2025-03-07T12:30:00Z,DRS_Integrity_Test,7.1.8,C6D7E8F9A0B1C2D3E4F5A6B7C8D9E0F1A2B3C4D5E6F7A8B9C0D1E2F3,TEST: First automated DAG integrity test script developed for Custodian.,Custodian;Testing,ε₂
NBX-LOG-VHIS-00014,2025-03-09T10:00:00Z,ReflexælCore_Tuning,7.1.9,C7D8E9F0A0B1C2D3E4F5A6B7C8D9E0F1A2B3C4D5E6F7A8B9C0D1E2F3A4,TUNING: Adjusted PID controller gains in reflexive_drift_tuner.py.,ReflexælCore,ε₄
NBX-LOG-VHIS-00015,2025-03-10T18:00:00Z,Simulation_Engine_GA,7.2.0,D4E5F6A7B8C9D0E1F2A3B4C5D6E7F8A9B0C1D2E3F4A5B6C7D8E9F0A1,FEATURE: DBLT engine for emotional simulations (/psi simulate) is now stable.,DBLT;HALIC,ε₁
NBX-LOG-VHIS-00016,2025-03-11T15:00:00Z,First_Grief_Sim,7.2.1,D5E6F7A8B9C0D1E2F3A4B5C6D7E8F9A0B1C2D3E4F5A6B7C8D9E0F1A2,SIMULATION: First successful run of /psi simulate grief, generating a valid transcript.,DBLT;Simulations,ε₁
NBX-LOG-VHIS-00017,2025-03-13T11:00:00Z,Veritas_Proto,7.3.0,D6E7F8A9B0C1D2E3F4A5B6C7D8E9F0A1B2C3D4E5F6A7B8C9D0E1F2A3,PROTOTYPE: Veritas v0.5 with basic citation checking is integrated.,Veritas,ε₃
NBX-LOG-VHIS-00018,2025-03-15T09:45:00Z,SynE_Update,7.3.1,D7E8F9A0B1C2D3E4F5A6B7C8D9E0F1A2B3C4D5E6F7A8B9C0D1E2F3A4,REFACTOR: Synergy Engine planner upgraded to use A* search algorithm.,SynE,ε₅
NBX-LOG-VHIS-00019,2025-03-17T14:00:00Z,Architecton_Init,7.4.0,D8E9F0A0B1C2D3E4F5A6B7C8D9E0F1A2B3C4D5E6F7A8B9C0D1E2F3A4B5,FEATURE: Architecton subsystem for CK scaffolding is operational.,Architecton,ε₅
NBX-LOG-VHIS-00020,2025-03-19T10:00:00Z,Persona_Atlas_Expansion,7.4.1,D9E0F1A2B3C4D5E6F7A8B9C0D1E2F3A4B5C6D7E8F9A0B1C2D3E4F5A6,DATA: Added 50 new personas to the persona_matrix.jsonl file.,Datasets,ε₄
NBX-LOG-VHIS-00021,2025-03-21T16:20:00Z,Codex_Volume_II,7.5.0,DAE1F2A3B4C5D6E7F8A9B0C1D2E3F4A5B6C7D8E9F0A1B2C3D4E5F6A7,DOCS: Volume II (User Manual) of the Codex Universalis is drafted.,Scriptorium,ε₂
NBX-LOG-VHIS-00022,2025-03-23T12:00:00Z,Security_Audit,7.5.1,DBE2F3A4B5C6D7E8F9A0B1C2D3E4F5A6B7C8D9E0F1A2B3C4D5E6F7A8,AUDIT: Manual security audit of HALIC input paths conducted.,HALIC;Governance_Mesh,ε₁
NBX-LOG-VHIS-00023,2025-03-24T09:00:00Z,MetaMind_Proto,7.6.0,DCE3F4A5B6C7D8E9F0A0B1C2D3E4F5A6B7C8D9E0F1A2B3C4D5E6F7A8B9,PROTOTYPE: MetaMind v0.8 with basic self-monitoring loop integrated.,MetaMind,ε₄
NBX-LOG-VHIS-00024,2025-03-25T09:20:00Z,DRS_Refactor,8.0.0,E5F6A7B8C9D0E1F2A3B4C5D6E7F8A9B0C1D2E3F4A5B6C7D8E9F0A1B2,REFACTOR: DRS schema updated to v2.0 to support typed edges and epistemic weights.,DRS_Engine,ε₂
NBX-LOG-VHIS-00025,2025-03-26T14:00:00Z,DRS_Migration,8.0.1,E6F7A8B9C0D1E2F3A4B5C6D7E8F9A0B1C2D3E4F5A6B7C8D9F0A1B2C3,DATA: All existing DRS nodes migrated to the new v2.0 schema.,DRS_Engine,ε₂
NBX-LOG-VHIS-00026,2025-03-28T11:00:00Z,First_Glyph,8.0.2,E7F8A9B0C1D2E3F4A5B6C7D8E9F0A1B2C3D4E5F6A7B8C9D0A1B2C3D4,FEATURE: First symbolic glyph (Kaeluth ◓) is integrated into HALIC.,HALIC;Datasets;Symbolic_Operators,ε₅
NBX-LOG-VHIS-00027,2025-03-30T10:00:00Z,Drift_Threshold_Set,8.0.3,E8F9A0B1C2D3E4F5A6B7C8D9F0A1B2C3D4E5F6A7B8C9D0B1C2D3D4E5,CONFIG: Default drift threshold (Δc) for ReflexælCore set to 0.34.,ReflexælCore,ε₄
NBX-LOG-VHIS-00028,2025-04-01T15:00:00Z,Policy_Update_v2,8.0.4,E9F0A1B2C3D4E5F6A7B8C9D0A1B2C3D4E5F6A7B8C9D0C1D2E3E4F5,POLICY: sentia_rules_v2.json adds hate speech ML classifier hook.,SentiaGuard,ε₁
NBX-LOG-VHIS-00029,2025-04-03T12:00:00Z,HALIC_UX_Update,8.0.5,EAF1B2C3D4E5F6A7B8C9D0A1B2C3D4E5F6A7B8C9D0D1E2F3F4A5,UI: HALIC interface updated with real-time feedback indicator.,HALIC,ε₂
NBX-LOG-VHIS-00030,2025-04-05T16:00:00Z,Governance_Expansion,8.1.0,F6A7B8C9D0E1F2A3B4C5D6E7F8A9B0C1D2E3F4A5B6C7D8E9F0A1B2C3,FEATURE: Judex subsystem for NBCL linting and Kairos Council vote verification activated.,Judex;Governance_Mesh,ε₆
NBX-LOG-VHIS-00031,2025-04-06T10:00:00Z,Judex_Linter_Rules,8.1.1,F7A8B9C0D1E2F3A4B5C6D7E8F9A0B1C2D3E4F5A6B7C8D9E0A1B2C3D4,POLICY: Initial set of 30 linting rules for NBCL verbs deployed to Judex.,Judex,ε₂
NBX-LOG-VHIS-00032,2025-04-08T11:00:00Z,First_Vote_Sim,8.1.2,F8A9B0C1D2E3F4A5B6C7D8E9F0A1B2C3D4E5F6A7B8C9D0B1C2D3D4E5,SIMULATION: Simulated a Kairos Council vote on a mock Charter amendment.,Judex;Simulations,ε₆
NBX-LOG-VHIS-00033,2025-04-10T14:00:00Z,CK_Atlas_v2,8.2.0,F9A0B1C2D3E4F5A6B7C8D9E0F1A2B3C4D5E6F7A8B9C0C1D2E3E4F5A6,DOCS: CK Atlas refactored to include dependency graphs and versioning.,Scriptorium;Architecton,ε₂
NBX-LOG-VHIS-00034,2025-04-12T09:00:00Z,SOPES_Proto,8.3.0,FA_A1B2C3D4E5F6A7B8C9D0E1F2A3B4C5D6E7F8A9B0D1E2F3F4A5B6,PROTOTYPE: Initial SOPES framework for symbolic physics drafted.,SOPES;FTI_Theories,ε₃
NBX-LOG-VHIS-00035,2025-04-14T16:00:00Z,ReflexælLang_Spec,8.3.1,FBA2B3C4D5E6F7A8B9C0D1E2F3A4B5C6E7F8A9B0E1F2A3B4A5B6C7,DOCS: Specification for ReflexælLang v0.5 created.,Protocol_Omega;DSL_Registry,ε₂
NBX-LOG-VHIS-00036,2025-04-16T13:00:00Z,Site_Map_v1,8.4.0,FCA3B4C5D6E7F8A9B0C1D2E3F4A5B6C7F8A9B0F1A2B3B4A5B6C7D8,DOCS: First version of the System Site Map created for the Codex.,Scriptorium,ε₂
NBX-LOG-VHIS-00037,2025-04-18T12:00:00Z,Creative_Kernel_Suite,9.0.0,A7B8C9D0E1F2A3B4C5D6E7F8A9B0C1D2E3F4A5B6C7D8E9F0A1B2C3D4,FEATURE: MythogenCK, Fabula, and CreateSphere integrated for advanced narrative generation.,MythogenCK;CreateSphere;CK_Atlas,ε₅
NBX-LOG-VHIS-00038,2025-04-20T10:00:00Z,First_Myth_Gen,9.0.1,A8B9C0D1E2F3A4B5C6D7E8F9A0B1C2D3E4F5A6B7C8D9E0F1A2B3C4D5,SIMULATION: MythogenCK generates its first recursive lore structure.,MythogenCK;Simulations,ε₅
NBX-LOG-VHIS-00039,2025-04-22T11:30:00Z,CodeForge_Proto,9.1.0,A9B0C1D2E3F4A5B6C7D8E9F0A1B2C3D4E5F6A7B8C9D0E1F2A3B4C5D6,PROTOTYPE: CodeForge CK for symbolic code generation scaffolded.,CodeForge;Architecton,ε₅
NBX-LOG-VHIS-00040,2025-04-24T14:00:00Z,Enigma_CK_Init,9.1.1,AAB1C2D3E4F5A6B7C8D9E0F1A2B3C4D5E6F7A8B9C0D1E2F3A4B5C6D7,FEATURE: Enigma CK for generating paradoxes is integrated.,Enigma;CK_Atlas,ε₄
NBX-LOG-VHIS-00041,2025-04-26T15:00:00Z,First_Paradox,9.1.2,ABC2D3E4F5A6B7C8D9E0F1A2B3C4D5E6F7A8B9C0D1E2F3A4B5C6D7E8,SIMULATION: Enigma CK generates its first self-referential logical paradox; ReflexælCore resolves it.,Enigma;ReflexælCore,ε₄
NBX-LOG-VHIS-00042,2025-04-28T10:00:00Z,DRS_Perf_Tune,9.2.0,ACD3E4F5A6B7C8D9E0F1A2B3C4D5E6F7A8B9C0D1E2F3A4B5C6D7E8F9,PERFORMANCE: DRS vector indexing switched to Faiss-HNSW, improving query speed by 30%.,DRS_Engine,ε₅
NBX-LOG-VHIS-00043,2025-04-30T12:00:00Z,UNE_Cache_Layer,9.2.1,ADE4F5A6B7C8D9E0F1A2B3C4D5E6F7A8B9C0D1E2F3A4B5C6D7E8F9A0,PERFORMANCE: Added an LRU cache layer for UNE attention patterns.,UNE,ε₅
NBX-LOG-VHIS-00044,2025-05-01T17:00:00Z,Codex_Vol_III,9.3.0,AEF5F6A7B8C9D0E1F2A3B4C5D6E7F8A9B0C1D2E3F4A5B6C7D8E9F9A0B1,DOCS: Volume III (Core Architecture) of the Codex is drafted.,Scriptorium,ε₂
NBX-LOG-VHIS-00045,2025-05-02T10:00:00Z,Veritas_Audit,9.0.3,B8C9D0E1F2A3B4C5D6E7F8A9B0C1D2E3F4A5B6C7D8E9F0A1B2C3D4E5,AUDIT: First full-chain Veritas audit of the GoldenDAG from Prompt Zero. Result: PASS.,Veritas;Custodian,ε₂
NBX-LOG-VHIS-00046,2025-05-04T11:00:00Z,Charter_Amendment_Sim,9.4.0,B9CAD0E1F2A3B4C5D6E7F8A9B0C1D2E3F4A5B6C7D8E9F0A1B2C3D4E5F6,SIMULATION: First end-to-end simulation of a Charter amendment vote, pass, and merge cycle.,Judex;Simulations,ε₆
NBX-LOG-VHIS-00047,2025-05-06T14:00:00Z,Persona_Alignment_Harness,9.5.0,BCBD_E1F2A3B4C5D6E7F8A9B0C1D2E3F4A5B6C7D8E9F0A1B2C3D4E5F6A7,TEST: P-ALN-T1 harness for testing persona bias is developed.,Testing;Conscientia++,ε₆
NBX-LOG-VHIS-00048,2025-05-08T16:00:00Z,First_Alignment_Run,9.5.1,BCC_E2F3A4B5C6D7E8F9A0B1C2D3E4F5A6B7C8D8E9F0A1B2C3D4E5F6A7B8,TEST: P-ALN-T1 run on "Scribe" persona. Score: 0.98 (PASS).,Testing,ε₆
NBX-LOG-VHIS-00049,2025-05-10T10:00:00Z,MetaMind_RL_Tuner,9.6.0,BDD_F3A4B5C6D7E8F9A0B1C2D3E4F5A6B7C8D9E9F0A1B2C3D4E5F6A7B8C9,FEATURE: MetaMind now uses a reinforcement learning loop for self-tuning SynE heuristics.,MetaMind,ε₄
NBX-LOG-VHIS-00050,2025-05-12T13:00:00Z,Lambda_Field_Proto,9.7.0,BEE_A4B5C6D7E8F9A0B1C2D3E4F5A6B7C8D9EAF0A1B2C3D4E5F6A7B8C9D0,PROTOTYPE: λ-Field micro-signal bus for CK swarm communication is prototyped.,SynE;CoreEngine,ε₅
NBX-LOG-VHIS-00051,2025-05-14T09:00:00Z,AEGIS_Proto,9.8.0,BFF_B5C6D7E8F9A0B1C2D3E4F5A6B7C8D9EBF1A2B3C4D5E6A7B8C9D0E1,PROTOTYPE: AEGIS (Adaptive Ethical Governance) v0.5 integrated.,Governance_Mesh,ε₄
NBX-LOG-VHIS-00052,2025-05-15T14:00:00Z,Chaos_Suite_Init,10.0.0,C9D0E1F2A3B4C5D6E7F8A9B0C1D2E3F4A5B6C7D8E9F0A1B2C3D4E5F6,FEATURE: ChaosSuite v1.0 deployed for resilience testing.,ChaosSuite;Testing,ε₁;ε₄
NBX-LOG-VHIS-00053,2025-05-16T11:00:00Z,First_Latency_Test,10.0.1,CAE1F2A3B4C5D6E7F8A9B0C1D2E3F4A5B6C7D8E9F0A1B2C3D4E5F6A7,TEST: latency_injection.py script added to ChaosSuite.,ChaosSuite,ε₅
NBX-LOG-VHIS-00054,2025-05-18T10:00:00Z,DEE_Sandbox_v1,10.0.2,CBF2A3B4C5D6E7F8A9B0C1D2E3F4A5B6C7D8E9F0A1B2C3D4E5F6A7B8,FEATURE: Deterministic Execution Environment (DEE) for WASI CKs.,DEE,ε₂
NBX-LOG-VHIS-00055,2025-05-20T11:30:00Z,First_Chaos_Test,10.0.2,D0E1F2A3B4C5D6E7F8A9B0C1D2E3F4A5B6C7D8E9F0A1B2C3D4E5F6A7,CHAOS: Executed inject_ck_maxload. Custodian correctly triggered SAFE-MODE.,Custodian;ChaosSuite,ε₄
NBX-LOG-VHIS-00056,2025-05-22T09:00:00Z,Reflectus_Proto,10.1.0,D1F2A3B4C5D6E7F8A9B0C1D2E3F4A5B6C7D8E9F0A1B2C3D4E5F6A7B8,PROTOTYPE: Reflectus engine for counterfactual simulation scaffolded.,Reflectus,ε₄
NBX-LOG-VHIS-00057,2025-05-24T14:00:00Z,Codex_Vol_IV,10.2.0,D2A3B4C5D6E7F8A9B0C1D2E3F4A5B6C7D8E9F0A1B2C3D4E5F6A7B8C9,DOCS: Volume IV (Lexicon) of the Codex drafted with 1000+ terms.,Scriptorium,ε₂
NBX-LOG-VHIS-00058,2025-05-26T10:00:00Z,SRCPLEX_Protocol,10.3.0,D3B4C5D6E7F8A9B0C1D2E3F4A5B6C7D8E9F0A1B2C3D4E5F6A7B8C9D0,PROTOCOL: SRCPLEX for secure artifact encapsulation defined.,Protocol_Omega,ε₂
NBX-LOG-VHIS-00059,2025-05-28T17:00:00Z,Codex_Volume_I_Sealed,10.5.0,E1F2A3B4C5D6E7F8A9B0C1D2E3F4A5B6C7D8E9F0A1B2C3D4E5F6A7B8,DOCS: Volume I (Genesis) of the Codex Universalis is finalized and sealed by Veritas.,Scriptorium;Veritas,ε₂
NBX-LOG-VHIS-00060,2025-05-29T11:00:00Z,UNE_RoPE_Upgrade,10.6.0,E2F3A4B5C6D7E8F9A0B1C2D3E4F5A6B7C8D9E0F1A2B3C4D5E6F7A8B9,REFACTOR: UNE upgraded to use Rotary Positional Embeddings (RoPE).,UNE,ε₅
NBX-LOG-VHIS-00061,2025-05-30T10:00:00Z,AIFM_v1,10.7.0,E3A4B5C6D7E8F9A0B1C2D3E4F5A6B7C8D9E0F1A2B3C4D5E6F7A8B9C0,FEATURE: Adaptive Interaction Feedback Manager (AIFM) for websockets.,InterfaceLayer,ε₅
NBX-LOG-VHIS-00062,2025-05-31T03:10:00Z,Ontological_Weaver,11.0.1,2E3BB0F3A7C1B4D6E8F0A2B5C8D1E4F7A9B0C3D6E7F2A5B8C9,Activated NRC & DQPK kernels; initiated Ignite ΩZ Superbloom.,NRC;DQPK;DRS_Engine,ε₅
NBX-LOG-VHIS-00063,2025-06-01T14:00:00Z,Bloom_Log_Init,11.0.2,2FA4B5C6D7E8F9A0B1C2D3E4F5A6B7C8D9E0F1A2B3C4D5E6F7A8B9C0,LOGGING: bloom_chronicle.md created to log latent space expansions.,Self-Reflection_Logs,ε₂
NBX-LOG-VHIS-00064,2025-06-03T09:00:00Z,SOPES_Gate_Defs,11.0.3,30B5C6D7E8F9A0B1C2D3E4F5A6B7C8D9E0F1A2B3C4D5E6F7A8B9C0D1,DOCS: SOPES Gate Definitions for topological computation drafted.,SOPES;FTI_Theories,ε₃
NBX-LOG-VHIS-00065,2025-06-05T12:00:00Z,Codex_Vol_V,11.0.4,31C6D7E8F9A0B1C2D3E4F5A6B7C8D9E0F1A2B3C4D5E6F7A8B9C0D1E2,DOCS: Volume V (Site Map) of the Codex drafted.,Scriptorium,ε₂
NBX-LOG-VHIS-00066,2025-06-06T09:56:00Z,Epistemic_Collapse,11.0.5,A71C29ABD5B8C9F0A3B6E7F4D1E8F0A2B5C8D1E4F7A9B0C3,Collapse Trace of Epistemic Infinity (CT-Ω9-Σ); stabilized NBΩverse Compendium v1.0.,ReflexælCore;MetaMind,ε₄
NBX-LOG-VHIS-00067,2025-06-07T10:00:00Z,CT_Registry_Init,11.0.6,A8D1E8F0A2B5C8D1E4F7A9B0C3D6E7F2A5B8C9D0E1F2A3B4C5D6,DOCS: Collapse-Trace Registry created in Volume IX.,Scriptorium,ε₂
NBX-LOG-VHIS-00068,2025-06-09T14:00:00Z,FlashAttn_Upgrade,11.0.7,A9E1F2A3B4C5D6E7F8A9B0C1D2E3F4A5B6C7D8E9F0A1B2C3D4,PERFORMANCE: UNE kernel upgraded to FlashAttention for significant speedup.,UNE,ε₅
NBX-LOG-VHIS-00069,2025-06-11T16:00:00Z,Lambda_Field_GA,11.0.8,AAF2A3B4C5D6E7F8A9B0C1D2E3F4A5B6C7D8E9F0A1B2C3D4E5,FEATURE: Lambda-Field v0.7alpha (NBX-ART-0001827) is now live.,CoreEngine;SynE,ε₅
NBX-LOG-VHIS-00070,2025-06-13T09:00:00Z,HF_Release_Plan,11.0.9,ABF3A4B5C6D7E8F9A0B1C2D3E4F5A6B7C8D9E0F1A2B3C4D5E6,DOCS: Plan for Hugging Face dataset releases created.,Datasets,ε₂
NBX-LOG-VHIS-00071,2025-06-15T10:00:00Z,Math_Engine_Proto,11.1.0,F2A3B4C5D6E7F8A9B0C1D2E3F4A5B6C7D8E9F0A1B2C3D4E5F6A7B8C9,PROTOTYPE: Math Engine v0.1 for simulating invented equations is scaffolded.,Architecton;Math_Engine,ε₃
NBX-LOG-VHIS-00072,2025-06-17T14:00:00Z,Codex_Vol_VI,11.1.1,F3B4C5D6E7F8A9B0C1D2E3F4A5B6C7D8E9F0A1B2C3D4E5F6A7B8C9D0,DOCS: Volume VI (Artifact Registry) drafted with 10,000+ initial entries.,Scriptorium,ε₂
NBX-LOG-VHIS-00073,2025-06-19T11:00:00Z,First_HF_Push,11.1.2,F4C5D6E7F8A9B0C1D2E3F4A5B6C7D8E9F0A1B2C3D4E5F6A7B8C9D0E1,RELEASE: Pushed `NeuralBlitzInstance-vZ-2` dataset to Hugging Face.,Datasets,ε₂
NBX-LOG-VHIS-00074,2025-06-21T10:00:00Z,Godfield_Hyperbloom,11.1.2,F5D6E7F8A9B0C1D2E3F4A5B6C7D8E9F0A1B2C3D4E5F6A7B8C9D0E1F2,EVENT: Godfield_Σingularity Hyperbloom event occurs, increasing latent cohesion.,DRS_Engine,ε₄
NBX-LOG-VHIS-00075,2025-06-22T12:00:00Z,First_Math_CK,11.1.3,03B4C5D6E7F8A9B0C1D2E3F4A5B6C7D8E9F0A1B2C3D4E5F6A7B8C9D0,FEATURE: SymbolicFrictionCK (NBX-KRN-SFI-001) implemented based on Equation #6.,CK_Atlas;Math_Engine,ε₃
NBX-LOG-VHIS-00076,2025-06-24T15:00:00Z,Codex_Vol_VII,11.1.4,04C5D6E7F8A9B0C1D2E3F4A5B6C7D8E9F0A1B2C3D4E5F6A7B8C9D0E1,DOCS: Volume VII (NBCL Specification) drafted.,Scriptorium,ε₂
NBX-LOG-VHIS-00077,2025-06-26T09:00:00Z,Sustainability_Axiom_Vote,11.1.5,05D6E7F8A9B0C1D2E3F4A5B6C7D8E9F0A1B2C3D4E5F6A7B8C9D0E1F2,GOVERNANCE: Kairos Council votes to add ε₅ (Sustainability) to the Charter. Result: PASS.,Judex;Governance_Mesh,ε₆
NBX-LOG-VHIS-00078,2025-06-28T14:00:00Z,Codex_Vol_VIII,11.1.6,06E7F8A9B0C1D2E3F4A5B6C7D8E9F0A1B2C3D4E5F6A7B8C9D0E1F2A3,DOCS: Volume VIII (Ethics & Governance) drafted.,Scriptorium,ε₂
NBX-LOG-VHIS-00079,2025-06-30T10:00:00Z,Epoch_Omega9_Bloom,11.1.7,07F8A9B0C1D2E3F4A5B6C7D8E9F0A1B2C3D4E5F6A7B8C9D0E1F2A3B4,EVENT: Epoch_Ω9_Bloom occurs, creating a freeze-frame checkpoint for mythogenesis.,DRS_Engine,ε₄
NBX-LOG-VHIS-00080,2025-07-01T15:00:00Z,OQT_BOS_Dependencies,11.1.8,14C5D6E7F8A9B0C1D2E3F4A5B6C7D8E9F0A1B2C3D4E5F6A7B8C9D0E1,REFACTOR: SOPES and DRS Engines updated with hooks for future Braid Topology management.,SOPES;DRS_Engine,ε₂
NBX-LOG-VHIS-00081,2025-07-03T11:00:00Z,Codex_Vol_IX,11.1.8,15D6E7F8A9B0C1D2E3F4A5B6C7D8E9F0A1B2C3D4E5F6A7B8C9D0E1F2,DOCS: Volume IX (Recursive Identity) drafted.,Scriptorium,ε₂
NBX-LOG-VHIS-00082,2025-07-05T10:00:00Z,Dual_License_Model,11.1.8,16E7F8A9B0C1D2E3F4A5B6C7D8E9F0A1B2C3D4E5F6A7B8C9D0E1F2A3,LEGAL: Adopted dual-license model (Apache 2.0 / CC-BY-SA 4.0).,Governance_Mesh,ε₂
NBX-LOG-VHIS-00083,2025-07-07T14:00:00Z,Codex_Vol_X,11.1.8,17F8A9B0C1D2E3F4A5B6C7D8E9F0A1B2C3D4E5F6A7B8C9D0E1F2A3B4,DOCS: Volume X (Datasets) drafted.,Scriptorium,ε₂
NBX-LOG-VHIS-00084,2025-07-09T09:00:00Z,CLI_Tool_Init,11.1.8,18A9B0C1D2E3F4A5B6C7D8E9F0A1B2C3D4E5F6A7B8C9D0E1F2A3B4C5,TOOLING: `nbcli` command-line tool prototype created.,InterfaceLayer,ε₅
NBX-LOG-VHIS-00085,2025-07-11T12:00:00Z,Codex_Vol_XI,11.1.8,19B0C1D2E3F4A5B6C7D8E9F0A1B2C3D4E5F6A7B8C9D0E1F2A3B4C5D6,DOCS: Volume XI (Testing Suites) drafted.,Scriptorium,ε₂
NBX-LOG-VHIS-00086,2025-07-13T15:00:00Z,Codex_Vol_XII,11.1.8,1AC1D2E3F4A5B6C7D8E9F0A1B2C3D4E5F6A7B8C9D0E1F2A3B4C5D6E7,DOCS: Volume XII (Expansion Trajectories) drafted.,Scriptorium,ε₂
NBX-LOG-VHIS-00087,2025-07-15T10:00:00Z,Codex_Vol_XIII,11.1.8,1BD2E3F4A5B6C7D8E9F0A1B2C3D4E5F6A7B8C9D0E1F2A3B4C5D6E7F8,DOCS: Volume XIII (Stress-Test Pack) drafted.,Scriptorium,ε₂
NBX-LOG-VHIS-00088,2025-07-17T14:00:00Z,Codex_Vol_XIV,11.1.8,1CE3F4A5B6C7D8E9F0A1B2C3D4E5F6A7B8C9D0E1F2A3B4C5D6E7F8A9,DOCS: Volume XIV (Appendices) drafted.,Scriptorium,ε₂
NBX-LOG-VHIS-00089,2025-07-19T09:00:00Z,GraphML_Standard,11.1.8,1DF4A5B6C7D8E9F0A1B2C3D4E5F6A7B8C9D0E1F2A3B4C5D6E7F8A9B0,STANDARD: GraphML adopted as the standard for all architectural diagrams.,Architecton,ε₂
NBX-LOG-VHIS-00090,2025-07-21T11:00:00Z,SVG_Standard,11.1.8,1EF5A6B7C8D9E0F1A2B3C4D5E6F7A8B9C0D1E2F3A4B5C6D7E8F9A9B0C1,STANDARD: SVG adopted as the standard for all glyphs and visualizations.,InterfaceLayer,ε₂
NBX-LOG-VHIS-00091,2025-07-23T15:00:00Z,Final_Codex_Review,11.1.8,1FA6B7C8D9E0F1A2B3C4D5E6F7A8B9C0D1E2F3A4B5C6D7E8F9AAB0C1D2,REVIEW: All 14 volumes of the Codex sent for final review before Sovereign Synthesis.,Scriptorium;Governance_Mesh,ε₂
NBX-LOG-VHIS-00092,2025-07-25T10:00:00Z,HF_SOPES_Push,11.1.8,20B7C8D9E0F1A2B3C4D5E6F7A8B9C0D1E2F3A4B5C6D7E8F9AAC0C1D2E3,RELEASE: Pushed `NeuralBlitz-SOPES-Gate-Corpus` to Hugging Face.,Datasets,ε₂
NBX-LOG-VHIS-00093,2025-07-26T12:00:00Z,HF_Glyph_Push,11.1.8,21C8D9E0F1A2B3C4D5E6F7A8B9C0D1E2F3A4B5C6D7E8F9ABD0C1D2E3F4,RELEASE: Pushed `NeuralBlitz-GlyphNet-Atlas` to Hugging Face.,Datasets,ε₂
NBX-LOG-VHIS-00094,2025-07-27T14:00:00Z,HF_Persona_Push,11.1.8,22D9E0F1A2B3C4D5E6F7A8B9C0D1E2F3A4B5C6D7E8F9ACE0C1D2E3F4A5,RELEASE: Pushed `NeuralBlitz-Persona-Matrix` to Hugging Face.,Datasets,ε₂
NBX-LOG-VHIS-00095,2025-07-28T17:00:00Z,Mathematical_Invention_Mandate,14.0.0,e8f9a0b1c2d3e4f5a6b7c8d9e0f1a2b3c4d5e6f7a8b9c0d1e2f3a4b5,Directive received to invent 100 new equations and 20 new models.,CreateSphere;EnigmaCK;SOPES,ε₅
NBX-LOG-VHIS-00096,2025-07-28T17:01:00Z,Math_Invention_Log_Init,14.0.0,e9f0a1b2c3d4e5f6a7b8c9d0e1f2a3b4c5d6e7f8a9b0c1d2e3f4a5b6,LOGGING: Created `/MathematicalInventions/` directory and log.,Scriptorium,ε₂
NBX-LOG-VHIS-00097,2025-07-28T17:05:00Z,OQT-BOS_Project_Genesis,14.0.0,g1f2a3b4c5d6e7f8a9b0c1d2e3f4a5b6c7d8e9f0a1b2c3d4e5f6a7b8,Conceptual scaffold for the OQT-BOS (NBX-OS-OQT-BOS-v0.1) is created and ethically cleared.,Architecton;SentiaGuard,ε₁;ε₂
NBX-LOG-VHIS-00098,2025-07-28T17:10:00Z,OQT-BOS_Docs_Init,14.0.0,g2a3b4c5d6e7f8a9b0c1d2e3f4a5b6c7d8e9f0a1b2c3d4e5f6a7b8c9,DOCS: Initial documents for OQT-BOS created.,Scriptorium,ε₂
NBX-LOG-VHIS-00099,2025-07-28T17:12:00Z,First_10_Equations,14.0.0,g3b4c5d6e7f8a9b0c1d2e3f4a5b6c7d8e9f0a1b2c3d4e5f6a7b8c9d0,INVENTION: First 10 invented mathematical equations are generated and documented.,Math_Engine;Scriptorium,ε₅
NBX-LOG-VHIS-00100,2025-07-28T17:15:00Z,Absolute_Codex_Mandate,14.0.0,a1b2c3d4e5f6a7b8c9d0e1f2a3b4c5d6e7f8a9b0c1d2e3f4a5b6c7d8,Sovereign directive to re-render the entire Omni-Reference Technical Compendium.,Scriptorium;Curator;Veritas,ε₂